id	source	plan	verdict	anchor_url
e2002-10-03	other-official(公司博客/声明等，非镜像)	official page direct -> mirror /agents/search (first 8-12 EN words) -> EDGAR full-text	⚠️ 转引在册（镜像/官方页本轮流管线未获逐字原文；收录底源见卡注与账本条目）	
e2006-08	other-official(公司博客/声明等，非镜像)	official page direct -> mirror /agents/search (first 8-12 EN words) -> EDGAR full-text	⚠️ 转引在册（镜像/官方页本轮流管线未获逐字原文；收录底源见卡注与账本条目）	
e2008-08-02	other-official(公司博客/声明等，非镜像)	official page direct -> mirror /agents/search (first 8-12 EN words) -> EDGAR full-text	⚠️ 转引在册（镜像/官方页本轮流管线未获逐字原文；收录底源见卡注与账本条目）	
e2008-09-28	other-official(公司博客/声明等，非镜像)	official page direct -> mirror /agents/search (first 8-12 EN words) -> EDGAR full-text	⚠️ 转引在册（镜像/官方页本轮流管线未获逐字原文；收录底源见卡注与账本条目）	
e2008-12-24	other-official(公司博客/声明等，非镜像)	official page direct -> mirror /agents/search (first 8-12 EN words) -> EDGAR full-text	⚠️ 转引在册（镜像/官方页本轮流管线未获逐字原文；收录底源见卡注与账本条目）	
e2011-04-05	other-official(公司博客/声明等，非镜像)	official page direct -> mirror /agents/search (first 8-12 EN words) -> EDGAR full-text	⚠️ 转引在册（镜像/官方页本轮流管线未获逐字原文；收录底源见卡注与账本条目）	
e2012-05-25	other-official(公司博客/声明等，非镜像)	official page direct -> mirror /agents/search (first 8-12 EN words) -> EDGAR full-text	⚠️ 转引在册（镜像/官方页本轮流管线未获逐字原文；收录底源见卡注与账本条目）	
e2012-06-22	other-official(公司博客/声明等，非镜像)	official page direct -> mirror /agents/search (first 8-12 EN words) -> EDGAR full-text	⚠️ 转引在册（镜像/官方页本轮流管线未获逐字原文；收录底源见卡注与账本条目）	
e2013	other-official(公司博客/声明等，非镜像)	official page direct -> mirror /agents/search (first 8-12 EN words) -> EDGAR full-text	⚠️ 转引在册（镜像/官方页本轮流管线未获逐字原文；收录底源见卡注与账本条目）	
e2013-05-08	earnings-call(stockanalysis 源，Cloudflare 拦批量机核；人工抽 2 条吻合)	stockanalysis.com transcripts via WebFetch (Cloudflare blocks curl)	⚠️ 转引在册（R08 抽样：stockanalysis 该季逐字稿无逐字吻合，引语实为股东信口径；原文未获，收录底源见卡注与账本）	
e2013-08-12	other-official(公司博客/声明等，非镜像)	official page direct -> mirror /agents/search (first 8-12 EN words) -> EDGAR full-text	⚠️ 转引在册（镜像/官方页本轮流管线未获逐字原文；收录底源见卡注与账本条目）	
e2014-05-29	other-official(公司博客/声明等，非镜像)	official page direct -> mirror /agents/search (first 8-12 EN words) -> EDGAR full-text	⚠️ 转引在册（镜像/官方页本轮流管线未获逐字原文；收录底源见卡注与账本条目）	
e2014-06-12	other-official(公司博客/声明等，非镜像)	official page direct -> mirror /agents/search (first 8-12 EN words) -> EDGAR full-text	⚠️ 转引在册（镜像/官方页本轮流管线未获逐字原文；收录底源见卡注与账本条目）	
e2015-04-30	other-official(公司博客/声明等，非镜像)	official page direct -> mirror /agents/search (first 8-12 EN words) -> EDGAR full-text	⚠️ 转引在册（镜像/官方页本轮流管线未获逐字原文；收录底源见卡注与账本条目）	
e2015-12-21	other-official(公司博客/声明等，非镜像)	official page direct -> mirror /agents/search (first 8-12 EN words) -> EDGAR full-text	⚠️ 转引在册（镜像/官方页本轮流管线未获逐字原文；收录底源见卡注与账本条目）	
e2016-02-10	earnings-call(stockanalysis 源，Cloudflare 拦批量机核；人工抽 2 条吻合)	stockanalysis.com transcripts via WebFetch (Cloudflare blocks curl)	✅ 原文核验（2026-10-06 R08，stockanalysis WebFetch 逐字吻合）	https://stockanalysis.com/stocks/tsla/transcripts/23975-q4-2015/
e2016	other-official(公司博客/声明等，非镜像)	official page direct -> mirror /agents/search (first 8-12 EN words) -> EDGAR full-text	⚠️ 转引在册（镜像/官方页本轮流管线未获逐字原文；收录底源见卡注与账本条目）	
e2016-03-31	other-official(公司博客/声明等，非镜像)	official page direct -> mirror /agents/search (first 8-12 EN words) -> EDGAR full-text	⚠️ 转引在册（镜像/官方页本轮流管线未获逐字原文；收录底源见卡注与账本条目）	
e2016-05-04	earnings-call(stockanalysis 源，Cloudflare 拦批量机核；人工抽 2 条吻合)	stockanalysis.com transcripts via WebFetch (Cloudflare blocks curl)	✅ 原文核验（2026-10-06 R08，stockanalysis WebFetch 逐字吻合）	https://stockanalysis.com/stocks/tsla/transcripts/23974-q1-2016/
e2016-07-20	edgar(直读可核，批量机核属后续)	EDGAR full-text search (Archives, UA header required)	✅ 原文核验（2026-10-06 R08）	https://efts.sec.gov/LATEST/search-index?q=major%20segments%20develop%20a%20self-driving%20capability | 0001193125-16-652995:d213946d425.htm
e2016-08-03	earnings-call(stockanalysis 源，Cloudflare 拦批量机核；人工抽 2 条吻合)	stockanalysis.com transcripts via WebFetch (Cloudflare blocks curl)	⚠️ 转引在册（stockanalysis 转录为底本；R01 人工抽 2 条+R08 WebFetch 抽样 3 条中 2 条逐字吻合 1 条口径不符如实记；原文实录未独立获取）	
e2016-09-01	other-official(公司博客/声明等，非镜像)	official page direct -> mirror /agents/search (first 8-12 EN words) -> EDGAR full-text	✅ 原文核验（2026-10-06 R08）	https://elonmuskarchive.org/posts/774150065166229504
e2016-09-27	other-official(公司博客/声明等，非镜像)	official page direct -> mirror /agents/search (first 8-12 EN words) -> EDGAR full-text	⚠️ 转引在册（镜像/官方页本轮流管线未获逐字原文；收录底源见卡注与账本条目）	
e2016-10-26	earnings-call(stockanalysis 源，Cloudflare 拦批量机核；人工抽 2 条吻合)	stockanalysis.com transcripts via WebFetch (Cloudflare blocks curl)	⚠️ 转引在册（stockanalysis 转录为底本；R01 人工抽 2 条+R08 WebFetch 抽样 3 条中 2 条逐字吻合 1 条口径不符如实记；原文实录未独立获取）	
e2017-02-22	earnings-call(stockanalysis 源，Cloudflare 拦批量机核；人工抽 2 条吻合)	stockanalysis.com transcripts via WebFetch (Cloudflare blocks curl)	⚠️ 转引在册（stockanalysis 转录为底本；R01 人工抽 2 条+R08 WebFetch 抽样 3 条中 2 条逐字吻合 1 条口径不符如实记；原文实录未独立获取）	
e2017-03-30	other-official(公司博客/声明等，非镜像)	official page direct -> mirror /agents/search (first 8-12 EN words) -> EDGAR full-text	⚠️ 转引在册（镜像/官方页本轮流管线未获逐字原文；收录底源见卡注与账本条目）	
e2017-07-09	other-official(公司博客/声明等，非镜像)	official page direct -> mirror /agents/search (first 8-12 EN words) -> EDGAR full-text	✅ 原文核验（2026-10-06 R08）	https://elonmuskarchive.org/posts/883840893253451780
e2017-07-28	other-official(公司博客/声明等，非镜像)	official page direct -> mirror /agents/search (first 8-12 EN words) -> EDGAR full-text	⚠️ 转引在册（镜像/官方页本轮流管线未获逐字原文；收录底源见卡注与账本条目）	
e2017-08-02	earnings-call(stockanalysis 源，Cloudflare 拦批量机核；人工抽 2 条吻合)	stockanalysis.com transcripts via WebFetch (Cloudflare blocks curl)	⚠️ 转引在册（stockanalysis 转录为底本；R01 人工抽 2 条+R08 WebFetch 抽样 3 条中 2 条逐字吻合 1 条口径不符如实记；原文实录未独立获取）	
e2017-09-29	other-official(公司博客/声明等，非镜像)	official page direct -> mirror /agents/search (first 8-12 EN words) -> EDGAR full-text	⚠️ 转引在册（镜像/官方页本轮流管线未获逐字原文；收录底源见卡注与账本条目）	
e2017-11-01	earnings-call(stockanalysis 源，Cloudflare 拦批量机核；人工抽 2 条吻合)	stockanalysis.com transcripts via WebFetch (Cloudflare blocks curl)	⚠️ 转引在册（stockanalysis 转录为底本；R01 人工抽 2 条+R08 WebFetch 抽样 3 条中 2 条逐字吻合 1 条口径不符如实记；原文实录未独立获取）	
e2017-11-16	other-official(公司博客/声明等，非镜像)	official page direct -> mirror /agents/search (first 8-12 EN words) -> EDGAR full-text	⚠️ 转引在册（镜像/官方页本轮流管线未获逐字原文；收录底源见卡注与账本条目）	
e2018-01-28	other-official(公司博客/声明等，非镜像)	official page direct -> mirror /agents/search (first 8-12 EN words) -> EDGAR full-text	⚠️ 转引在册（镜像/官方页本轮流管线未获逐字原文；收录底源见卡注与账本条目）	
e2018-02-06	other-official(公司博客/声明等，非镜像)	official page direct -> mirror /agents/search (first 8-12 EN words) -> EDGAR full-text	⚠️ 转引在册（镜像/官方页本轮流管线未获逐字原文；收录底源见卡注与账本条目）	
e2018-04-13	other-official(公司博客/声明等，非镜像)	official page direct -> mirror /agents/search (first 8-12 EN words) -> EDGAR full-text	⚠️ 转引在册（镜像/官方页本轮流管线未获逐字原文；收录底源见卡注与账本条目）	
e2018-05-02	earnings-call(stockanalysis 源，Cloudflare 拦批量机核；人工抽 2 条吻合)	stockanalysis.com transcripts via WebFetch (Cloudflare blocks curl)	⚠️ 转引在册（stockanalysis 转录为底本；R01 人工抽 2 条+R08 WebFetch 抽样 3 条中 2 条逐字吻合 1 条口径不符如实记；原文实录未独立获取）	
e2018-05-20	other-official(公司博客/声明等，非镜像)	official page direct -> mirror /agents/search (first 8-12 EN words) -> EDGAR full-text	⚠️ 转引在册（镜像/官方页本轮流管线未获逐字原文；收录底源见卡注与账本条目）	
e2018-07-15	other-official(公司博客/声明等，非镜像)	official page direct -> mirror /agents/search (first 8-12 EN words) -> EDGAR full-text	⚠️ 转引在册（镜像/官方页本轮流管线未获逐字原文；收录底源见卡注与账本条目）	
e2018-08-01	earnings-call(stockanalysis 源，Cloudflare 拦批量机核；人工抽 2 条吻合)	stockanalysis.com transcripts via WebFetch (Cloudflare blocks curl)	✅ 原文核验（2026-10-06 R08）	https://elonmuskarchive.org/video/tesla-q2-2018-earnings-call-2018-08-02
e2018-08-07	edgar(直读可核，批量机核属后续)	EDGAR full-text search (Archives, UA header required)	✅ 原文核验（2026-10-06 R08）	https://efts.sec.gov/LATEST/search-index?q=considering%20taking%20tesla%20private%20at%20%24420 | 0001104659-24-053333:tm2326076d15_def14a.htm
e2018-09-27	edgar(直读可核，批量机核属后续)	EDGAR full-text search (Archives, UA header required)	⚠️ 转引在册（EDGAR FTS 未获逐字；本条实为 SEC 起诉状/公告/判词措辞而非备案原文）	
e2018-09-29	edgar(直读可核，批量机核属后续)	EDGAR full-text search (Archives, UA header required)	✅ 原文核验（2026-10-06 R08）	https://efts.sec.gov/LATEST/search-index?q=to%20address%20the%20misconduct%20at%20issue | 0001104659-24-044304:tm2332854d3_def14a.htm
e2018-12-09	other-official(公司博客/声明等，非镜像)	official page direct -> mirror /agents/search (first 8-12 EN words) -> EDGAR full-text	⚠️ 转引在册（镜像/官方页本轮流管线未获逐字原文；收录底源见卡注与账本条目）	
e2019-02-19	edgar(直读可核，批量机核属后续)	EDGAR full-text search (Archives, UA header required)	⚠️ 转引在册（EDGAR FTS 未获逐字；本条实为 SEC 起诉状/公告/判词措辞而非备案原文）	
e2019-04-24	earnings-call(stockanalysis 源，Cloudflare 拦批量机核；人工抽 2 条吻合)	stockanalysis.com transcripts via WebFetch (Cloudflare blocks curl)	⚠️ 转引在册（stockanalysis 转录为底本；R01 人工抽 2 条+R08 WebFetch 抽样 3 条中 2 条逐字吻合 1 条口径不符如实记；原文实录未独立获取）	
e2019-04-30	other-official(公司博客/声明等，非镜像)	official page direct -> mirror /agents/search (first 8-12 EN words) -> EDGAR full-text	⚠️ 转引在册（镜像/官方页本轮流管线未获逐字原文；收录底源见卡注与账本条目）	
e2019-07-16	other-official(公司博客/声明等，非镜像)	official page direct -> mirror /agents/search (first 8-12 EN words) -> EDGAR full-text	⚠️ 转引在册（镜像/官方页本轮流管线未获逐字原文；收录底源见卡注与账本条目）	
e2019-09-28	other-official(公司博客/声明等，非镜像)	official page direct -> mirror /agents/search (first 8-12 EN words) -> EDGAR full-text	⚠️ 转引在册（镜像/官方页本轮流管线未获逐字原文；收录底源见卡注与账本条目）	
e2019-11-21	other-official(公司博客/声明等，非镜像)	official page direct -> mirror /agents/search (first 8-12 EN words) -> EDGAR full-text	⚠️ 转引在册（镜像/官方页本轮流管线未获逐字原文；收录底源见卡注与账本条目）	
e2020-01-29	earnings-call(stockanalysis 源，Cloudflare 拦批量机核；人工抽 2 条吻合)	stockanalysis.com transcripts via WebFetch (Cloudflare blocks curl)	⚠️ 转引在册（stockanalysis 转录为底本；R01 人工抽 2 条+R08 WebFetch 抽样 3 条中 2 条逐字吻合 1 条口径不符如实记；原文实录未独立获取）	
e2020-05-11	other-official(公司博客/声明等，非镜像)	official page direct -> mirror /agents/search (first 8-12 EN words) -> EDGAR full-text	✅ 原文核验（2026-10-06 R08）	https://elonmuskarchive.org/posts/1259945593805221891
e2020-05-30	other-official(公司博客/声明等，非镜像)	official page direct -> mirror /agents/search (first 8-12 EN words) -> EDGAR full-text	⚠️ 转引在册（镜像/官方页本轮流管线未获逐字原文；收录底源见卡注与账本条目）	
e2020-07-22	earnings-call(stockanalysis 源，Cloudflare 拦批量机核；人工抽 2 条吻合)	stockanalysis.com transcripts via WebFetch (Cloudflare blocks curl)	⚠️ 转引在册（stockanalysis 转录为底本；R01 人工抽 2 条+R08 WebFetch 抽样 3 条中 2 条逐字吻合 1 条口径不符如实记；原文实录未独立获取）	
e2020-08-28	other-official(公司博客/声明等，非镜像)	official page direct -> mirror /agents/search (first 8-12 EN words) -> EDGAR full-text	⚠️ 转引在册（镜像/官方页本轮流管线未获逐字原文；收录底源见卡注与账本条目）	
e2020-09-22	jre(Rev/wordpress 源，非镜像)	wordpress six-part self-hosted transcript (elonmuskinterviews.wordpress.com)	⚠️ 转引在册（wordpress 六部转录本轮未抓取核验）	
e2021-01-07	other-official(公司博客/声明等，非镜像)	official page direct -> mirror /agents/search (first 8-12 EN words) -> EDGAR full-text	⚠️ 转引在册（镜像/官方页本轮流管线未获逐字原文；收录底源见卡注与账本条目）	
e2021-04-09	other-official(公司博客/声明等，非镜像)	official page direct -> mirror /agents/search (first 8-12 EN words) -> EDGAR full-text	⚠️ 转引在册（镜像/官方页本轮流管线未获逐字原文；收录底源见卡注与账本条目）	
e2021-07	other-official(公司博客/声明等，非镜像)	official page direct -> mirror /agents/search (first 8-12 EN words) -> EDGAR full-text	⚠️ 转引在册（镜像/官方页本轮流管线未获逐字原文；收录底源见卡注与账本条目）	
e2021-08	other-official(公司博客/声明等，非镜像)	official page direct -> mirror /agents/search (first 8-12 EN words) -> EDGAR full-text	⚠️ 转引在册（镜像/官方页本轮流管线未获逐字原文；收录底源见卡注与账本条目）	
e2021-10-25	other-official(公司博客/声明等，非镜像)	official page direct -> mirror /agents/search (first 8-12 EN words) -> EDGAR full-text	⚠️ 转引在册（镜像/官方页本轮流管线未获逐字原文；收录底源见卡注与账本条目）	
e2022-01-26	earnings-call(stockanalysis 源，Cloudflare 拦批量机核；人工抽 2 条吻合)	stockanalysis.com transcripts via WebFetch (Cloudflare blocks curl)	⚠️ 转引在册（stockanalysis 转录为底本；R01 人工抽 2 条+R08 WebFetch 抽样 3 条中 2 条逐字吻合 1 条口径不符如实记；原文实录未独立获取）	
e2022-02-10	other-official(公司博客/声明等，非镜像)	official page direct -> mirror /agents/search (first 8-12 EN words) -> EDGAR full-text	⚠️ 转引在册（镜像/官方页本轮流管线未获逐字原文；收录底源见卡注与账本条目）	
e2022-03-08	edgar(直读可核，批量机核属后续)	EDGAR full-text search (Archives, UA header required)	⚠️ 转引在册（EDGAR FTS 未获逐字；本条实为 SEC 起诉状/公告/判词措辞而非备案原文）	
e2022-03-26	other-official(公司博客/声明等，非镜像)	official page direct -> mirror /agents/search (first 8-12 EN words) -> EDGAR full-text	⚠️ 转引在册（镜像/官方页本轮流管线未获逐字原文；收录底源见卡注与账本条目）	
e2022-04-05	other-official(公司博客/声明等，非镜像)	official page direct -> mirror /agents/search (first 8-12 EN words) -> EDGAR full-text	⚠️ 转引在册（镜像/官方页本轮流管线未获逐字原文；收录底源见卡注与账本条目）	
e2022-04-09	other-official(公司博客/声明等，非镜像)	official page direct -> mirror /agents/search (first 8-12 EN words) -> EDGAR full-text	⚠️ 转引在册（镜像/官方页本轮流管线未获逐字原文；收录底源见卡注与账本条目）	
e2022-04-14	ted.com(页内 JSON，非镜像)	mirror /agents/search + two-source	⚠️ 转引在册（ted.com 页内 transcript JSON 本轮无逐字吻合）	
e2022-04-16	other-official(公司博客/声明等，非镜像)	official page direct -> mirror /agents/search (first 8-12 EN words) -> EDGAR full-text	⚠️ 转引在册（镜像/官方页本轮流管线未获逐字原文；收录底源见卡注与账本条目）	
e2022-04-20	other-official(公司博客/声明等，非镜像)	official page direct -> mirror /agents/search (first 8-12 EN words) -> EDGAR full-text	⚠️ 转引在册（镜像/官方页本轮流管线未获逐字原文；收录底源见卡注与账本条目）	
e2022-04-22	other-official(公司博客/声明等，非镜像)	official page direct -> mirror /agents/search (first 8-12 EN words) -> EDGAR full-text	⚠️ 转引在册（镜像/官方页本轮流管线未获逐字原文；收录底源见卡注与账本条目）	
e2022-04-25	other-official(公司博客/声明等，非镜像)	official page direct -> mirror /agents/search (first 8-12 EN words) -> EDGAR full-text	⚠️ 转引在册（镜像/官方页本轮流管线未获逐字原文；收录底源见卡注与账本条目）	
e2022-04-26	other-official(公司博客/声明等，非镜像)	official page direct -> mirror /agents/search (first 8-12 EN words) -> EDGAR full-text	⚠️ 转引在册（镜像/官方页本轮流管线未获逐字原文；收录底源见卡注与账本条目）	
e2022-06-28	other-official(公司博客/声明等，非镜像)	official page direct -> mirror /agents/search (first 8-12 EN words) -> EDGAR full-text	⚠️ 转引在册（镜像/官方页本轮流管线未获逐字原文；收录底源见卡注与账本条目）	
e2022-10-19	earnings-call(stockanalysis 源，Cloudflare 拦批量机核；人工抽 2 条吻合)	stockanalysis.com transcripts via WebFetch (Cloudflare blocks curl)	⚠️ 转引在册（stockanalysis 转录为底本；R01 人工抽 2 条+R08 WebFetch 抽样 3 条中 2 条逐字吻合 1 条口径不符如实记；原文实录未独立获取）	
e2022-10-26	other-official(公司博客/声明等，非镜像)	official page direct -> mirror /agents/search (first 8-12 EN words) -> EDGAR full-text	⚠️ 转引在册（镜像/官方页本轮流管线未获逐字原文；收录底源见卡注与账本条目）	
e2022-10-28	other-official(公司博客/声明等，非镜像)	official page direct -> mirror /agents/search (first 8-12 EN words) -> EDGAR full-text	⚠️ 转引在册（镜像/官方页本轮流管线未获逐字原文；收录底源见卡注与账本条目）	
e2022-11-16	other-official(公司博客/声明等，非镜像)	official page direct -> mirror /agents/search (first 8-12 EN words) -> EDGAR full-text	✅ 原文核验（2026-10-06 R08）	https://elonmuskarchive.org/email/twitter-fork-in-the-road-2022
e2022-11-28	other-official(公司博客/声明等，非镜像)	official page direct -> mirror /agents/search (first 8-12 EN words) -> EDGAR full-text	⚠️ 转引在册（镜像/官方页本轮流管线未获逐字原文；收录底源见卡注与账本条目）	
e2022-11-30	other-official(公司博客/声明等，非镜像)	official page direct -> mirror /agents/search (first 8-12 EN words) -> EDGAR full-text	⚠️ 转引在册（镜像/官方页本轮流管线未获逐字原文；收录底源见卡注与账本条目）	
e2023-03-01	other-official(公司博客/声明等，非镜像)	official page direct -> mirror /agents/search (first 8-12 EN words) -> EDGAR full-text	⚠️ 转引在册（镜像/官方页本轮流管线未获逐字原文；收录底源见卡注与账本条目）	
e2023-05-15	other-official(公司博客/声明等，非镜像)	official page direct -> mirror /agents/search (first 8-12 EN words) -> EDGAR full-text	⚠️ 转引在册（镜像/官方页本轮流管线未获逐字原文；收录底源见卡注与账本条目）	
e2023-07-12	other-official(公司博客/声明等，非镜像)	official page direct -> mirror /agents/search (first 8-12 EN words) -> EDGAR full-text	⚠️ 转引在册（镜像/官方页本轮流管线未获逐字原文；收录底源见卡注与账本条目）	
e2023-07-23	other-official(公司博客/声明等，非镜像)	official page direct -> mirror /agents/search (first 8-12 EN words) -> EDGAR full-text	✅ 原文核验（2026-10-06 R08）	https://elonmuskarchive.org/posts/1682964919325724673
e2023-10-18	earnings-call(stockanalysis 源，Cloudflare 拦批量机核；人工抽 2 条吻合)	stockanalysis.com transcripts via WebFetch (Cloudflare blocks curl)	✅ 原文核验（2026-10-06 R08）	https://elonmuskarchive.org/video/tesla-q3-2023-earnings-call-2023-10-18
e2023-11-29	other-official(公司博客/声明等，非镜像)	official page direct -> mirror /agents/search (first 8-12 EN words) -> EDGAR full-text	⚠️ 转引在册（镜像/官方页本轮流管线未获逐字原文；收录底源见卡注与账本条目）	
e2023-11-30	other-official(公司博客/声明等，非镜像)	official page direct -> mirror /agents/search (first 8-12 EN words) -> EDGAR full-text	⚠️ 转引在册（镜像/官方页本轮流管线未获逐字原文；收录底源见卡注与账本条目）	
e2023-11-30	other-official(公司博客/声明等，非镜像)	official page direct -> mirror /agents/search (first 8-12 EN words) -> EDGAR full-text	⚠️ 转引在册（镜像/官方页本轮流管线未获逐字原文；收录底源见卡注与账本条目）	
e2024-01-29	other-official(公司博客/声明等，非镜像)	official page direct -> mirror /agents/search (first 8-12 EN words) -> EDGAR full-text	✅ 原文核验（2026-10-06 R08）	https://elonmuskarchive.org/posts/1752119586470949056
e2024-04-23	earnings-call(stockanalysis 源，Cloudflare 拦批量机核；人工抽 2 条吻合)	stockanalysis.com transcripts via WebFetch (Cloudflare blocks curl)	⚠️ 转引在册（stockanalysis 转录为底本；R01 人工抽 2 条+R08 WebFetch 抽样 3 条中 2 条逐字吻合 1 条口径不符如实记；原文实录未独立获取）	
e2024-06-13	other-official(公司博客/声明等，非镜像)	official page direct -> mirror /agents/search (first 8-12 EN words) -> EDGAR full-text	⚠️ 转引在册（镜像/官方页本轮流管线未获逐字原文；收录底源见卡注与账本条目）	
e2024-10-10	other-official(公司博客/声明等，非镜像)	official page direct -> mirror /agents/search (first 8-12 EN words) -> EDGAR full-text	⚠️ 转引在册（镜像/官方页本轮流管线未获逐字原文；收录底源见卡注与账本条目）	
e2024-10-13	other-official(公司博客/声明等，非镜像)	official page direct -> mirror /agents/search (first 8-12 EN words) -> EDGAR full-text	⚠️ 转引在册（镜像/官方页本轮流管线未获逐字原文；收录底源见卡注与账本条目）	
e2024-10-23	earnings-call(stockanalysis 源，Cloudflare 拦批量机核；人工抽 2 条吻合)	stockanalysis.com transcripts via WebFetch (Cloudflare blocks curl)	⚠️ 转引在册（stockanalysis 转录为底本；R01 人工抽 2 条+R08 WebFetch 抽样 3 条中 2 条逐字吻合 1 条口径不符如实记；原文实录未独立获取）	
e2025	other-official(公司博客/声明等，非镜像)	official page direct -> mirror /agents/search (first 8-12 EN words) -> EDGAR full-text	⚠️ 转引在册（镜像/官方页本轮流管线未获逐字原文；收录底源见卡注与账本条目）	
e2025-02-18	other-official(公司博客/声明等，非镜像)	official page direct -> mirror /agents/search (first 8-12 EN words) -> EDGAR full-text	⚠️ 转引在册（镜像/官方页本轮流管线未获逐字原文；收录底源见卡注与账本条目）	
e2025-03-28	other-official(公司博客/声明等，非镜像)	official page direct -> mirror /agents/search (first 8-12 EN words) -> EDGAR full-text	✅ 原文核验（2026-10-06 R08）	https://elonmuskarchive.org/posts/1905731750275510312
e2025-04-22	earnings-call(stockanalysis 源，Cloudflare 拦批量机核；人工抽 2 条吻合)	stockanalysis.com transcripts via WebFetch (Cloudflare blocks curl)	⚠️ 转引在册（stockanalysis 转录为底本；R01 人工抽 2 条+R08 WebFetch 抽样 3 条中 2 条逐字吻合 1 条口径不符如实记；原文实录未独立获取）	
e2025-05-03	other-official(公司博客/声明等，非镜像)	official page direct -> mirror /agents/search (first 8-12 EN words) -> EDGAR full-text	✅ 原文核验（2026-10-06 R08）	https://elonmuskarchive.org/posts/2003170712086036652
e2025-09-01	other-official(公司博客/声明等，非镜像)	official page direct -> mirror /agents/search (first 8-12 EN words) -> EDGAR full-text	⚠️ 转引在册（镜像/官方页本轮流管线未获逐字原文；收录底源见卡注与账本条目）	
e2025-11-06	other-official(公司博客/声明等，非镜像)	official page direct -> mirror /agents/search (first 8-12 EN words) -> EDGAR full-text	⚠️ 转引在册（镜像/官方页本轮流管线未获逐字原文；收录底源见卡注与账本条目）	
e2026-07-22	earnings-call(stockanalysis 源，Cloudflare 拦批量机核；人工抽 2 条吻合)	stockanalysis.com transcripts via WebFetch (Cloudflare blocks curl)	⚠️ 转引在册（stockanalysis 转录为底本；R01 人工抽 2 条+R08 WebFetch 抽样 3 条中 2 条逐字吻合 1 条口径不符如实记；原文实录未独立获取）	
